"","Clustering_Coef","Modularity_Q","Mean_Path_Length","Global_Efficiency","Mean_Local_Eff"
"1",0.416666666666667,0.329444444444444,1.55555555555556,0.722222222222222,0.738888888888889
