"","Clustering","Modularity","MeanDistance","GlobalEff","LocalEff_mean"
"1",0.324324324324324,0.4392,1.88888888888889,0.631481481481482,0.491666666666667
